draw,model,R2_by_study
0,ridge_baseline,0.10633930275116266
0,random_forest,0.06808725210175581
0,mlp,-0.2679264968059478
0,xgboost,0.2210040506060399
1,ridge_baseline,-0.019737933119313045
1,random_forest,0.12885453745763398
1,mlp,-1.040890743858232
1,xgboost,0.26065288061308434
2,ridge_baseline,0.041998936091196315
2,random_forest,0.20917262573779705
2,mlp,-0.3613782941178951
2,xgboost,0.3255328127284073
3,ridge_baseline,-0.1435441858871751
3,random_forest,0.0945161842941562
3,mlp,-0.4758696430506806
3,xgboost,0.22217539567116684
4,ridge_baseline,0.11346752541231142
4,random_forest,0.19744050593137863
4,mlp,-0.516801455655062
4,xgboost,0.36265044700732196
5,ridge_baseline,0.004262097775036722
5,random_forest,0.050804972030427775
5,mlp,-0.9394214373189926
5,xgboost,0.3375270332749968
6,ridge_baseline,0.1649976897918609
6,random_forest,0.1535454371886934
6,mlp,-0.3205153517139012
6,xgboost,0.2231629110673894
7,ridge_baseline,0.09494975123089588
7,random_forest,0.12878576872415493
7,mlp,-0.8654623524305916
7,xgboost,0.36238541901000143
